ASCO/AMP Classification,Gene,Canonical name,Accession,Nucleotide change,AA change,% VAF
Tier 2,BCL6,ENST00000406870.2,ENSP00000384371.2,c.1549_1550delinsAT,p.Ala517Ile,39.13%
Tier 2,NOTCH2,ENST00000256646.2,ENSP00000256646.2,c.17_18del,p.Pro6ArgfsTer27,18.93%
Tier 2,MEF2B,ENST00000162023.5,ENSP00000162023.5,c.805T>G,p.Leu269Val,16.52%
Tier 2,KMT2D,ENST00000301067.7,ENSP00000301067.7,c.2318A>G,p.Gln773Arg,2.48%
Tier 2,KMT2D,ENST00000301067.7,ENSP00000301067.7,c.2320C>G,p.Pro774Ala,2.44%
Tier 2,KMT2D,ENST00000301067.7,ENSP00000301067.7,c.2264G>A,p.Arg755Gln,2.40%
Tier 2,TCF3,ENST00000262965.5,ENSP00000262965.4,c.1291_1293delinsAGT,p.Gly431Ser,2.01%
Tier 2,SPEN,ENST00000375759.3,ENSP00000364912.3,c.9407G>A,p.Arg3136His,1.51%
Tier 2,KMT2D,ENST00000301067.7,ENSP00000301067.7,c.2428A>T,p.Thr810Ser,1.17%
Tier 2,KMT2D,ENST00000301067.7,ENSP00000301067.7,c.2247_2248delinsAT,p.Pro750Ser,0.29%
Tier 2,MEF2B,ENST00000162023.5,ENSP00000162023.5,c.9G>T,p.Arg3Ser,0.24%
Tier 2,BCL2,ENST00000398117.1,ENSP00000381185.1,c.170C>A,p.Pro57His,0.22%
Tier 2,EP300,ENST00000263253.7,ENSP00000263253.7,c.5954G>A,p.Gly1985Glu,0.12%
Tier 3,KMT2C,ENST00000262189.6,ENSP00000262189.6,c.2512G>A,p.Gly838Ser,34.18%
Tier 3,KMT2C,ENST00000262189.6,ENSP00000262189.6,c.2959T>C,p.Tyr987His,22.96%
Tier 3,KMT2C,ENST00000262189.6,ENSP00000262189.6,c.925C>T,p.Pro309Ser,18.29%
Tier 3,KMT2C,ENST00000262189.6,ENSP00000262189.6,c.2755G>C,p.Val919Leu,8.84%
Tier 3,KMT2C,ENST00000262189.6,ENSP00000262189.6,c.3274C>T,p.Arg1092Ter,7.17%
Tier 3,KMT2C,ENST00000262189.6,ENSP00000262189.6,c.2681G>A,p.Arg894Gln,7.02%
Tier 3,KMT2C,ENST00000262189.6,ENSP00000262189.6,c.1042G>A,p.Asp348Asn,6.44%
Tier 3,KMT2C,ENST00000262189.6,ENSP00000262189.6,c.1017G>C,p.Lys339Asn,5.38%
Tier 3,KMT2C,ENST00000262189.6,ENSP00000262189.6,c.1173C>A,p.Cys391Ter,5.18%
Tier 3,KMT2C,ENST00000262189.6,ENSP00000262189.6,c.943G>A,p.Gly315Ser,5.13%
Tier 3,KMT2C,ENST00000262189.6,,c.850-10C>T,,3.84%
Tier 3,KMT2C,ENST00000262189.6,ENSP00000262189.6,c.851G>A,p.Arg284Gln,3.47%
Tier 3,BCOR,ENST00000378444.4,ENSP00000367705.4,c.4376A>G,p.Asn1459Ser,3.43%
Tier 3,KMT2C,ENST00000262189.6,,c.1013-2_1013delinsGGT,,3.36%
Tier 3,FBXW7,ENST00000281708.4,,c.585-17T>C,,3.33%
Tier 3,KMT2C,ENST00000262189.6,ENSP00000262189.6,c.2725A>G,p.Arg909Gly,3.24%
Tier 3,EP300,ENST00000263253.7,,c.2242-16T>G,,3.05%
Tier 3,BIRC3,ENST00000263464.3,,c.1033-19_1033-17delinsTTT,,1.77%
Tier 3,KMT2C,ENST00000262189.6,ENSP00000262189.6,c.2263C>T,p.Gln755Ter,1.76%
Tier 3,PIM1,ENST00000373509.5,,c.83-4C>T,,1.72%
Tier 3,BRAF,ENST00000288602.6,,c.2128-18_2128-16delinsCTT,,0.77%
Tier 3,ITPKB,ENST00000429204.1,ENSP00000411152.1,c.275_276insTGG,p.Ser92_Ser93insGly,0.58%
Tier 3,KMT2C,ENST00000262189.6,ENSP00000262189.6,c.8596G>A,p.Glu2866Lys,0.13%
