chrom,pos,id,ref,alt,ad,dp,sample_af,gene,most_severe_consequence,hgvsc,hgvsp,rsid,max_pop_af,clin_sig,uniprot,tier
1,16262142,1_16262142_G_A,G,A,11,729,0.015089,SPEN,missense_variant,ENST00000375759.3:c.9407G>A,ENSP00000364912.3:p.Arg3136His,rs774145253,0.0006,NA,MINT_HUMAN,Tier 2
1,120612002,1_120612002_CGG_C,CGG,C,219,1157,0.189283,NOTCH2,frameshift_variant,ENST00000256646.2:c.17_18del,ENSP00000256646.2:p.Pro6ArgfsTer27,rs372504208,0.0,benign|likely_benign|uncertain_significance,NOTC2_HUMAN,Tier 2
3,187444677,3_187444677_GC_AT,GC,AT,270,690,0.391304,BCL6,missense_variant,ENST00000406870.2:c.1549_1550delinsAT,ENSP00000384371.2:p.Ala517Ile,rs587778090,NA,not_provided,BCL6_HUMAN,Tier 2
4,153268240,4_153268240_A_G,A,G,20,600,0.033333,FBXW7,splice_polypyrimidine_tract_variant,ENST00000281708.4:c.585-17T>C,NA,rs1021717666,0.001,NA,FBXW7_HUMAN,Tier 3
6,37138545,6_37138545_C_T,C,T,6,348,0.017241,PIM1,splice_region_variant,ENST00000373509.5:c.83-4C>T,NA,rs771475662,0.0,NA,PIM1_HUMAN,Tier 3
7,151921149,7_151921149_G_A,G,A,61,851,0.07168,KMT2C,stop_gained,ENST00000262189.6:c.3274C>T,ENSP00000262189.6:p.Arg1092Ter,rs4024370,0,NA,KMT2C_HUMAN,Tier 3
7,151927025,7_151927025_A_G,A,G,591,2574,0.229604,KMT2C,missense_variant,ENST00000262189.6:c.2959T>C,ENSP00000262189.6:p.Tyr987His,rs77735469,NA,pathogenic,KMT2C_HUMAN,Tier 3
7,151932916,7_151932916_C_G,C,G,127,1436,0.08844,KMT2C,missense_variant,ENST00000262189.6:c.2755G>C,ENSP00000262189.6:p.Val919Leu,rs111791757,NA,NA,KMT2C_HUMAN,Tier 3
7,151932946,7_151932946_T_C,T,C,38,1173,0.032396,KMT2C,missense_variant,ENST00000262189.6:c.2725A>G,ENSP00000262189.6:p.Arg909Gly,rs771997287,NA,NA,KMT2C_HUMAN,Tier 3
7,151932990,7_151932990_C_T,C,T,71,1011,0.070227,KMT2C,missense_variant,ENST00000262189.6:c.2681G>A,ENSP00000262189.6:p.Arg894Gln,rs76844681,0.0076,NA,KMT2C_HUMAN,Tier 3
7,151945007,7_151945007_C_T,C,T,783,2291,0.341772,KMT2C,missense_variant,ENST00000262189.6:c.2512G>A,ENSP00000262189.6:p.Gly838Ser,rs2479172,0.0065,NA,KMT2C_HUMAN,Tier 3
7,151945256,7_151945256_G_A,G,A,17,965,0.017617,KMT2C,stop_gained,ENST00000262189.6:c.2263C>T,ENSP00000262189.6:p.Gln755Ter,rs201234598,NA,pathogenic,KMT2C_HUMAN,Tier 3
7,151962134,7_151962134_G_T,G,T,104,2008,0.051793,KMT2C,stop_gained,ENST00000262189.6:c.1173C>A,ENSP00000262189.6:p.Cys391Ter,rs146238849,0.0057,benign|likely_benign|pathogenic,KMT2C_HUMAN,Tier 3
7,151962265,7_151962265_C_T,C,T,130,2019,0.064388,KMT2C,missense_variant,ENST00000262189.6:c.1042G>A,ENSP00000262189.6:p.Asp348Asn,rs201834857,0.0011,pathogenic|uncertain_significance,KMT2C_HUMAN,Tier 3
7,151962290,7_151962290_C_G,C,G,80,1486,0.053836,KMT2C,missense_variant,ENST00000262189.6:c.1017G>C,ENSP00000262189.6:p.Lys339Asn,rs775803041,0.0005,NA,KMT2C_HUMAN,Tier 3
7,151962294,7_151962294_GCT_ACC,GCT,ACC,46,1369,0.033601,KMT2C,splice_acceptor_variant,ENST00000262189.6:c.1013-2_1013delinsGGT,NA,NA,NA,NA,KMT2C_HUMAN,Tier 3
7,151970859,7_151970859_C_T,C,T,194,3783,0.051282,KMT2C,missense_variant,ENST00000262189.6:c.943G>A,ENSP00000262189.6:p.Gly315Ser,rs149992209,0.0008,benign|pathogenic,KMT2C_HUMAN,Tier 3
7,151970877,7_151970877_G_A,G,A,633,3461,0.182895,KMT2C,missense_variant,ENST00000262189.6:c.925C>T,ENSP00000262189.6:p.Pro309Ser,rs138627563,NA,pathogenic|uncertain_significance,KMT2C_HUMAN,Tier 3
7,151970951,7_151970951_C_T,C,T,79,2275,0.034725,KMT2C,missense_variant,ENST00000262189.6:c.851G>A,ENSP00000262189.6:p.Arg284Gln,rs201009236,0.0005,NA,KMT2C_HUMAN,Tier 3
7,151970962,7_151970962_G_A,G,A,82,2137,0.038372,KMT2C,splice_polypyrimidine_tract_variant,ENST00000262189.6:c.850-10C>T,NA,rs1345769060,NA,NA,KMT2C_HUMAN,Tier 3
11,102199609,11_102199609_ATA_TTT,ATA,TTT,9,509,0.017682,BIRC3,splice_polypyrimidine_tract_variant,ENST00000263464.3:c.1033-19_1033-17delinsTTT,NA,NA,NA,NA,BIRC3_HUMAN,Tier 3
12,49445038,12_49445038_T_A,T,A,10,852,0.011737,KMT2D,missense_variant,ENST00000301067.7:c.2428A>T,ENSP00000301067.7:p.Thr810Ser,rs1384152185,0,NA,KMT2D_HUMAN,Tier 2
12,49445146,12_49445146_G_C,G,C,23,942,0.024416,KMT2D,missense_variant,ENST00000301067.7:c.2320C>G,ENSP00000301067.7:p.Pro774Ala,rs1385773562,0.0,uncertain_significance,KMT2D_HUMAN,Tier 2
12,49445148,12_49445148_T_C,T,C,23,927,0.024811,KMT2D,missense_variant,ENST00000301067.7:c.2318A>G,ENSP00000301067.7:p.Gln773Arg,NA,NA,NA,KMT2D_HUMAN,Tier 2
12,49445202,12_49445202_C_T,C,T,24,1002,0.023952,KMT2D,missense_variant,ENST00000301067.7:c.2264G>A,ENSP00000301067.7:p.Arg755Gln,rs776110112,0.0001,uncertain_significance,KMT2D_HUMAN,Tier 2
19,1619348,19_1619348_GCC_ACT,GCC,ACT,13,647,0.020093,TCF3,missense_variant,ENST00000262965.5:c.1291_1293delinsAGT,ENSP00000262965.4:p.Gly431Ser,rs386805766,NA,NA,TFE2_HUMAN,Tier 2
19,19257158,19_19257158_A_C,A,C,109,660,0.165152,MEF2B,missense_variant,ENST00000162023.5:c.805T>G,ENSP00000162023.5:p.Leu269Val,rs2146349771,0.0001,NA,MEF2B_HUMAN,Tier 2
22,41545026,22_41545026_T_G,T,G,19,622,0.030547,EP300,splice_polypyrimidine_tract_variant,ENST00000263253.7:c.2242-16T>G,NA,rs775741415,0.0,NA,EP300_HUMAN,Tier 3
X,39921444,X_39921444_T_C,T,C,13,379,0.034301,BCOR,missense_variant,ENST00000378444.4:c.4376A>G,ENSP00000367705.4:p.Asn1459Ser,rs199538037,0.001,uncertain_significance,BCOR_HUMAN,Tier 3
